Id,Title,IsPosted
1,Database-per-tenant vs. Shared Schema in EF Core,True
2,Leveraging C# 14 field keyword for cleaner Properties,False
3,Designing Idempotent Web APIs for Distributed Systems,False
4,Implementing Azure Managed Identity for Web App to SQL,False
5,Strategies for Zero-Downtime Tenant Migrations,False
6,Using C# Interceptors for Global Performance Logging,False
7,Solving the Noisy Neighbor problem in Multi-tenant APIs,False
8,Benchmarking Span<T> vs string in high-load parsers,False
9,Designing Modular Monoliths before Microservices,False
10,Optimizing Azure Service Bus throughput with Batching,False
11,Handling Tenant-Specific Authentication with JWT Claims,False
12,Using Required members and Primary Constructors in .NET 10,False
13,Global Exception Handling vs. The Result Pattern in C#,False
14,Scaling Multi-tenant apps with Azure Elastic Database Pools,False
15,Why I stopped using Automapper in large-scale projects,False
16,Middleware for Tenant-based Rate Limiting in ASP.NET Core,False
17,Implementing Circuit Breaker pattern with Polly in .NET 10,False
18,The Tech Lead's guide to Architecture Decision Records (ADRs),False
19,Static Extension Members in C# 14: Improving API Discoverability,False
20,Using Azure Event Grid for Cross-Tenant workflows,False
21,Refactoring Legacy .NET Framework to Cloud-Native .NET,False
22,Benchmarking JSON Serialization: System.Text.Json vs. Source Gens,False
23,Designing Soft Delete filters per Tenant in EF Core,False
24,The Anti-Corruption Layer for Integrating Legacy APIs,False
25,Moving from Azure Functions to Azure Container Apps (ACA),False
26,Using SearchValues<T> for high-performance string lookups,False
27,Managing Tech Debt: When to refactor vs. when to ship,False
28,Custom Dependency Injection scopes for Multi-tenant services,False
29,Implementing Health Checks for Distributed Azure Systems,False
30,Why C# 14 Extension Properties change how we view Domain Models,False
31,Implementing Row-Level Security (RLS) in multi-tenant PostgreSQL,False
32,Leveraging .NET Aspire for local microservices orchestration,False
33,Using C# 14 Null-Conditional Assignment in event handlers,False
34,Designing a Tenant-Aware Cache Strategy with Redis,False
35,Azure App Configuration: Managing Feature Flags for specific Tenants,False
36,The shift to Vertical Slice Architecture in .NET 10,False
37,Mastering the field keyword for validation logic in DTOs,False
38,Azure Container Apps: Scaling based on custom KEDA metrics,False
39,Implementing 'Shadow Properties' in EF Core for Audit Logs,False
40,Using Azure Front Door for multi-region tenant routing,False
41,Designing 'Outbox Pattern' for reliable event-driven systems,False
42,Why I prefer Result<T> over Exceptions for business logic,False
43,Azure Cost Optimization: FinOps strategies for SaaS Tech Leads,False
44,Implementing Tenant-Specific Branding via Middleware,False
45,C# 14 Static Extensions: Bringing 'Identity' to Enumerable types,False
46,Using 'Source Generators' to eliminate boilerplate reflection,False
47,Azure Key Vault: Rotating secrets without application downtime,False
48,Designing Multi-tenant Dashboards: Performance at scale,False
49,Refactoring to 'Primary Constructors' in existing .NET codebases,False
50,Using 'FrozenDictionary' for high-frequency configuration lookups,False
51,The importance of 'Architecture Tests' using NetArchTest,False
52,Azure Service Bus: Dead-letter queue handling strategies,False
53,Implementing 'Soft Deletes' that don't break unique indexes,False
54,Using 'SearchValues' for super-fast character set validation,False
